{"cameraMode":{"drawMode":0,"name":"Shaded","section":"Shading Mode"},"sceneLighting":true,"audioPlay":false,"sceneViewState":{"showFog":true,"showMaterialUpdate":false,"showSkybox":true,"showFlares":true,"showImageEffects":true,"showParticleSystems":true},"in2DMode":false,"pivot":{"x":234.98126220703126,"y":358.2995910644531,"z":0.0},"rotation":{"x":-0.10027080774307251,"y":-0.0328272245824337,"z":0.003310420550405979,"w":-0.9944130182266235},"size":506.2951965332031,"orthographic":false}