{"cameraMode":{"drawMode":0,"name":"Shaded","section":"Shading Mode"},"sceneLighting":true,"audioPlay":false,"sceneViewState":{"showFog":true,"showMaterialUpdate":false,"showSkybox":true,"showFlares":true,"showImageEffects":true,"showParticleSystems":true},"in2DMode":false,"pivot":{"x":-22.523548126220704,"y":-5.5977463722229,"z":3.9127964973449709},"rotation":{"x":-0.13273972272872926,"y":0.6245684027671814,"z":-0.10881628096103668,"w":-0.7618749737739563},"size":26.943111419677736,"orthographic":false}