{"cameraMode":{"drawMode":0,"name":"Shaded","section":"Shading Mode"},"sceneLighting":true,"audioPlay":false,"sceneViewState":{"showFog":true,"showMaterialUpdate":false,"showSkybox":true,"showFlares":true,"showImageEffects":true,"showParticleSystems":true},"in2DMode":false,"pivot":{"x":-0.40119171142578127,"y":-0.7163190841674805,"z":0.16472500562667848},"rotation":{"x":-0.22994352877140046,"y":-0.6404463648796082,"z":0.20974870026111604,"w":-0.7021111249923706},"size":10.567505836486817,"orthographic":false}